Gregg,Rosenfield,Portugal,2004-01-14,shawnce@aol.com
Kym,Parente,Estonia,2004-12-17,pkplex@gmail.com
Oma,Giroux,Germany,2005-06-07,purvis@hotmail.com
Yan,Mccrae,Albania,2018-05-03,crowl@comcast.net
Patrina,Winchester,Denmark,2017-01-17,kmself@icloud.com
Mollie,Real,Ireland,Estonia,2020-07-13,rkobes@yahoo.com
Steve,Engelhard,Denmark,2014-08-15,grdschl@live.com
Lester,Bills,Ireland,2020-07-13,seanq@live.com
Freddie,Follansbee,Portugal,2018-05-03,carmena@comcast.net
Frederick,Winborne,Norway,2014-08-15,sarahs@sbcglobal.net
Wilfred,Nussbaum,Slovenia,2018-10-19,errxn@yahoo.ca
Elroy,Kemble,Denmark,2015-07-08,alfred@verizon.net
Elaine,Shorter,Albania,2019-04-26,thrymm@verizon.net
Belen,Holdaway,Portugal,2017-01-17,emmanuel@mac.com
Viola,Rigsby,Portugal,2018-05-03,henkp@outlook.com
Eladia,Bisbee,Slovenia,2020-07-13,lbecchi@sbcglobal.net
Mia,Kerschner,Albania,2013-12-02,rsmartin@gmail.com
Pearle,Hooks,Denmark,2018-10-19,dmiller@me.com
Masako,Figueroa,Germany,2015-07-08,stecoop@me.com
Mauricio,Shephard,Norway,2013-04-11,jonathan@hotmail.com
Owen,Thrall,Albania,2017-01-17,thassine@msn.com
Chrissy,Soloman,Germany,2018-05-03,bmorrow@sbcglobal.net
Alexis,Sidney,Malta,2013-12-02,dkasak@aol.com
Santos,Agron,Albania,2015-07-08,dougj@outlook.com
Suzanna,Lundgreen,Malta,2020-07-13,rohitm@aol.com
Terrell,Alcorn,Germany,2018-10-19,jlbaumga@live.com
Viviana,Jaworski,Slovenia,2013-04-11,kalpol@yahoo.com
Noe,Gourley,Gibraltar,2017-01-17,boomzilla@hotmail.com
Sharice,Parnell,Gibraltar,2015-07-08,rasca@outlook.com
Alfonso,Lounsbury,Albania,2018-10-19,offthelip@yahoo.ca
Sharice,Parnell,Estonia,2013-12-02,dartlife@yahoo.com
Joi,Hamilton,Germany,2018-10-19,crandall@me.com
Tamatha,Spies,Montenegro,2019-04-26,fudrucker@outlook.com
Raleigh,Kreiner,Ireland,2014-08-15,dkrishna@verizon.net
Elissa,Issa,Malta,2015-07-08,kmself@icloud.com
Tonie,Caprio,Norway,2013-04-11,timlinux@msn.com
Georgette,Zollars,Montenegro,2014-08-15,louise@yahoo.com
Erica,Nader,Estonia,2018-05-03,plover@me.com
Emelina,Westfall,Latvia,2019-04-26,mahbub@aol.com
Marcie,Burlingame,Hungary,2014-08-15,bdbrown@sbcglobal.net
Mertie,Cora,Albania,2019-04-26,crowemojo@comcast.net
Lorretta,Withey,Ireland,2020-07-13,kohlis@yahoo.ca
Winfred,Ellison,Gibraltar,2018-10-19,bancboy@gmail.com
Sharan,Avey,Norway,2013-04-11,rfoley@mac.com
Stephenie,Gow,Estonia,2017-01-17,daveed@outlook.com
Maddie,Besser,Gibraltar,2019-04-26,pplinux@hotmail.com
Monty,Mims,Ireland,Germany,2013-12-02,brainless@yahoo.com
Andera,Minjarez,Germany,2013-04-11,pakaste@mac.com
Carolyne,Greenwood,Estonia,2019-04-26,mobileip@att.net
Darrel,Mantle,Norway,2013-12-02,mcrawfor@verizon.net
Gregg,Rosenfield,Portugal,2004-01-14,shawnce@aol.com
Kym,Parente,Estonia,2004-12-17,pkplex@gmail.com
Oma,Giroux,Germany,2005-06-07,purvis@hotmail.com
Yan,Mccrae,Albania,2018-05-03,crowl@comcast.net
Patrina,Winchester,Denmark,2017-01-17,kmself@icloud.com
Mollie,Real,Ireland,Estonia,2020-07-13,rkobes@yahoo.com
Steve,Engelhard,Denmark,2014-08-15,grdschl@live.com
Lester,Bills,Ireland,2020-07-13,seanq@live.com
Freddie,Follansbee,Portugal,2018-05-03,carmena@comcast.net
Frederick,Winborne,Norway,2014-08-15,sarahs@sbcglobal.net
Wilfred,Nussbaum,Slovenia,2018-10-19,errxn@yahoo.ca
Elroy,Kemble,Denmark,2015-07-08,alfred@verizon.net
Elaine,Shorter,Albania,2019-04-26,thrymm@verizon.net
Belen,Holdaway,Portugal,2017-01-17,emmanuel@mac.com
Viola,Rigsby,Portugal,2018-05-03,henkp@outlook.com
Eladia,Bisbee,Slovenia,2020-07-13,lbecchi@sbcglobal.net
Mia,Kerschner,Albania,2013-12-02,rsmartin@gmail.com
Pearle,Hooks,Denmark,2018-10-19,dmiller@me.com
Masako,Figueroa,Germany,2015-07-08,stecoop@me.com
Mauricio,Shephard,Norway,2013-04-11,jonathan@hotmail.com
Owen,Thrall,Albania,2017-01-17,thassine@msn.com
Chrissy,Soloman,Germany,2018-05-03,bmorrow@sbcglobal.net
Alexis,Sidney,Malta,2013-12-02,dkasak@aol.com
Santos,Agron,Albania,2015-07-08,dougj@outlook.com
Suzanna,Lundgreen,Malta,2020-07-13,rohitm@aol.com
Terrell,Alcorn,Germany,2018-10-19,jlbaumga@live.com
Viviana,Jaworski,Slovenia,2013-04-11,kalpol@yahoo.com
Noe,Gourley,Gibraltar,2017-01-17,boomzilla@hotmail.com
Sharice,Parnell,Gibraltar,2015-07-08,rasca@outlook.com
Alfonso,Lounsbury,Albania,2018-10-19,offthelip@yahoo.ca
Sharice,Parnell,Estonia,2013-12-02,dartlife@yahoo.com
Joi,Hamilton,Germany,2018-10-19,crandall@me.com
Tamatha,Spies,Montenegro,2019-04-26,fudrucker@outlook.com
Raleigh,Kreiner,Ireland,2014-08-15,dkrishna@verizon.net
Elissa,Issa,Malta,2015-07-08,kmself@icloud.com
Tonie,Caprio,Norway,2013-04-11,timlinux@msn.com
Georgette,Zollars,Montenegro,2014-08-15,louise@yahoo.com
Erica,Nader,Estonia,2018-05-03,plover@me.com
Emelina,Westfall,Latvia,2019-04-26,mahbub@aol.com
Marcie,Burlingame,Hungary,2014-08-15,bdbrown@sbcglobal.net
Mertie,Cora,Albania,2019-04-26,crowemojo@comcast.net
Lorretta,Withey,Ireland,2020-07-13,kohlis@yahoo.ca
Winfred,Ellison,Gibraltar,2018-10-19,bancboy@gmail.com
Sharan,Avey,Norway,2013-04-11,rfoley@mac.com
Stephenie,Gow,Estonia,2017-01-17,daveed@outlook.com
Maddie,Besser,Gibraltar,2019-04-26,pplinux@hotmail.com
Monty,Mims,Ireland,Germany,2013-12-02,brainless@yahoo.com
Andera,Minjarez,Germany,2013-04-11,pakaste@mac.com
Carolyne,Greenwood,Estonia,2019-04-26,mobileip@att.net
Darrel,Mantle,Norway,2013-12-02,mcrawfor@verizon.net
Gregg,Rosenfield,Portugal,2004-01-14,shawnce@aol.com
Kym,Parente,Estonia,2004-12-17,pkplex@gmail.com
Oma,Giroux,Germany,2005-06-07,purvis@hotmail.com
Yan,Mccrae,Albania,2018-05-03,crowl@comcast.net
Patrina,Winchester,Denmark,2017-01-17,kmself@icloud.com
Mollie,Real,Ireland,Estonia,2020-07-13,rkobes@yahoo.com
Steve,Engelhard,Denmark,2014-08-15,grdschl@live.com
Lester,Bills,Ireland,2020-07-13,seanq@live.com
Freddie,Follansbee,Portugal,2018-05-03,carmena@comcast.net
Frederick,Winborne,Norway,2014-08-15,sarahs@sbcglobal.net
Wilfred,Nussbaum,Slovenia,2018-10-19,errxn@yahoo.ca
Elroy,Kemble,Denmark,2015-07-08,alfred@verizon.net
Elaine,Shorter,Albania,2019-04-26,thrymm@verizon.net
Belen,Holdaway,Portugal,2017-01-17,emmanuel@mac.com
Viola,Rigsby,Portugal,2018-05-03,henkp@outlook.com
Eladia,Bisbee,Slovenia,2020-07-13,lbecchi@sbcglobal.net
Mia,Kerschner,Albania,2013-12-02,rsmartin@gmail.com
Pearle,Hooks,Denmark,2018-10-19,dmiller@me.com
Masako,Figueroa,Germany,2015-07-08,stecoop@me.com
Mauricio,Shephard,Norway,2013-04-11,jonathan@hotmail.com
Owen,Thrall,Albania,2017-01-17,thassine@msn.com
Chrissy,Soloman,Germany,2018-05-03,bmorrow@sbcglobal.net
Alexis,Sidney,Malta,2013-12-02,dkasak@aol.com
Santos,Agron,Albania,2015-07-08,dougj@outlook.com
Suzanna,Lundgreen,Malta,2020-07-13,rohitm@aol.com
Terrell,Alcorn,Germany,2018-10-19,jlbaumga@live.com
Viviana,Jaworski,Slovenia,2013-04-11,kalpol@yahoo.com
Noe,Gourley,Gibraltar,2017-01-17,boomzilla@hotmail.com
Sharice,Parnell,Gibraltar,2015-07-08,rasca@outlook.com
Alfonso,Lounsbury,Albania,2018-10-19,offthelip@yahoo.ca
Sharice,Parnell,Estonia,2013-12-02,dartlife@yahoo.com
Joi,Hamilton,Germany,2018-10-19,crandall@me.com
Tamatha,Spies,Montenegro,2019-04-26,fudrucker@outlook.com
Raleigh,Kreiner,Ireland,2014-08-15,dkrishna@verizon.net
Elissa,Issa,Malta,2015-07-08,kmself@icloud.com
Tonie,Caprio,Norway,2013-04-11,timlinux@msn.com
Georgette,Zollars,Montenegro,2014-08-15,louise@yahoo.com
Erica,Nader,Estonia,2018-05-03,plover@me.com
Emelina,Westfall,Latvia,2019-04-26,mahbub@aol.com
Marcie,Burlingame,Hungary,2014-08-15,bdbrown@sbcglobal.net
Mertie,Cora,Albania,2019-04-26,crowemojo@comcast.net
Lorretta,Withey,Ireland,2020-07-13,kohlis@yahoo.ca
Winfred,Ellison,Gibraltar,2018-10-19,bancboy@gmail.com
Sharan,Avey,Norway,2013-04-11,rfoley@mac.com
Stephenie,Gow,Estonia,2017-01-17,daveed@outlook.com
Maddie,Besser,Gibraltar,2019-04-26,pplinux@hotmail.com
Monty,Mims,Ireland,Germany,2013-12-02,brainless@yahoo.com
Andera,Minjarez,Germany,2013-04-11,pakaste@mac.com
Carolyne,Greenwood,Estonia,2019-04-26,mobileip@att.net
Darrel,Mantle,Norway,2013-12-02,mcrawfor@verizon.net
Gregg,Rosenfield,Portugal,2004-01-14,shawnce@aol.com
Kym,Parente,Estonia,2004-12-17,pkplex@gmail.com
Oma,Giroux,Germany,2005-06-07,purvis@hotmail.com
Yan,Mccrae,Albania,2018-05-03,crowl@comcast.net
Patrina,Winchester,Denmark,2017-01-17,kmself@icloud.com
Mollie,Real,Ireland,Estonia,2020-07-13,rkobes@yahoo.com
Steve,Engelhard,Denmark,2014-08-15,grdschl@live.com
Lester,Bills,Ireland,2020-07-13,seanq@live.com
Freddie,Follansbee,Portugal,2018-05-03,carmena@comcast.net
Frederick,Winborne,Norway,2014-08-15,sarahs@sbcglobal.net
Wilfred,Nussbaum,Slovenia,2018-10-19,errxn@yahoo.ca
Elroy,Kemble,Denmark,2015-07-08,alfred@verizon.net
Elaine,Shorter,Albania,2019-04-26,thrymm@verizon.net
Belen,Holdaway,Portugal,2017-01-17,emmanuel@mac.com
Viola,Rigsby,Portugal,2018-05-03,henkp@outlook.com
Eladia,Bisbee,Slovenia,2020-07-13,lbecchi@sbcglobal.net
Mia,Kerschner,Albania,2013-12-02,rsmartin@gmail.com
Pearle,Hooks,Denmark,2018-10-19,dmiller@me.com
Masako,Figueroa,Germany,2015-07-08,stecoop@me.com
Mauricio,Shephard,Norway,2013-04-11,jonathan@hotmail.com
Owen,Thrall,Albania,2017-01-17,thassine@msn.com
Chrissy,Soloman,Germany,2018-05-03,bmorrow@sbcglobal.net
Alexis,Sidney,Malta,2013-12-02,dkasak@aol.com
Santos,Agron,Albania,2015-07-08,dougj@outlook.com
Suzanna,Lundgreen,Malta,2020-07-13,rohitm@aol.com
Terrell,Alcorn,Germany,2018-10-19,jlbaumga@live.com
Viviana,Jaworski,Slovenia,2013-04-11,kalpol@yahoo.com
Noe,Gourley,Gibraltar,2017-01-17,boomzilla@hotmail.com
Sharice,Parnell,Gibraltar,2015-07-08,rasca@outlook.com
Alfonso,Lounsbury,Albania,2018-10-19,offthelip@yahoo.ca
Sharice,Parnell,Estonia,2013-12-02,dartlife@yahoo.com
Joi,Hamilton,Germany,2018-10-19,crandall@me.com
Tamatha,Spies,Montenegro,2019-04-26,fudrucker@outlook.com
Raleigh,Kreiner,Ireland,2014-08-15,dkrishna@verizon.net
Elissa,Issa,Malta,2015-07-08,kmself@icloud.com
Tonie,Caprio,Norway,2013-04-11,timlinux@msn.com
Georgette,Zollars,Montenegro,2014-08-15,louise@yahoo.com
Erica,Nader,Estonia,2018-05-03,plover@me.com
Emelina,Westfall,Latvia,2019-04-26,mahbub@aol.com
Marcie,Burlingame,Hungary,2014-08-15,bdbrown@sbcglobal.net
Mertie,Cora,Albania,2019-04-26,crowemojo@comcast.net
Lorretta,Withey,Ireland,2020-07-13,kohlis@yahoo.ca
Winfred,Ellison,Gibraltar,2018-10-19,bancboy@gmail.com
Sharan,Avey,Norway,2013-04-11,rfoley@mac.com
Stephenie,Gow,Estonia,2017-01-17,daveed@outlook.com
Maddie,Besser,Gibraltar,2019-04-26,pplinux@hotmail.com
Monty,Mims,Ireland,Germany,2013-12-02,brainless@yahoo.com
Andera,Minjarez,Germany,2013-04-11,pakaste@mac.com
Carolyne,Greenwood,Estonia,2019-04-26,mobileip@att.net
Darrel,Mantle,Norway,2013-12-02,mcrawfor@verizon.net
Gregg,Rosenfield,Portugal,2004-01-14,shawnce@aol.com
Kym,Parente,Estonia,2004-12-17,pkplex@gmail.com
Oma,Giroux,Germany,2005-06-07,purvis@hotmail.com
Yan,Mccrae,Albania,2018-05-03,crowl@comcast.net
Patrina,Winchester,Denmark,2017-01-17,kmself@icloud.com
Mollie,Real,Ireland,Estonia,2020-07-13,rkobes@yahoo.com
Steve,Engelhard,Denmark,2014-08-15,grdschl@live.com
Lester,Bills,Ireland,2020-07-13,seanq@live.com
Freddie,Follansbee,Portugal,2018-05-03,carmena@comcast.net
Frederick,Winborne,Norway,2014-08-15,sarahs@sbcglobal.net
Wilfred,Nussbaum,Slovenia,2018-10-19,errxn@yahoo.ca
Elroy,Kemble,Denmark,2015-07-08,alfred@verizon.net
Elaine,Shorter,Albania,2019-04-26,thrymm@verizon.net
Belen,Holdaway,Portugal,2017-01-17,emmanuel@mac.com
Viola,Rigsby,Portugal,2018-05-03,henkp@outlook.com
Eladia,Bisbee,Slovenia,2020-07-13,lbecchi@sbcglobal.net
Mia,Kerschner,Albania,2013-12-02,rsmartin@gmail.com
Pearle,Hooks,Denmark,2018-10-19,dmiller@me.com
Masako,Figueroa,Germany,2015-07-08,stecoop@me.com
Mauricio,Shephard,Norway,2013-04-11,jonathan@hotmail.com
Owen,Thrall,Albania,2017-01-17,thassine@msn.com
Chrissy,Soloman,Germany,2018-05-03,bmorrow@sbcglobal.net
Alexis,Sidney,Malta,2013-12-02,dkasak@aol.com
Santos,Agron,Albania,2015-07-08,dougj@outlook.com
Suzanna,Lundgreen,Malta,2020-07-13,rohitm@aol.com
Terrell,Alcorn,Germany,2018-10-19,jlbaumga@live.com
Viviana,Jaworski,Slovenia,2013-04-11,kalpol@yahoo.com
Noe,Gourley,Gibraltar,2017-01-17,boomzilla@hotmail.com
Sharice,Parnell,Gibraltar,2015-07-08,rasca@outlook.com
Alfonso,Lounsbury,Albania,2018-10-19,offthelip@yahoo.ca
Sharice,Parnell,Estonia,2013-12-02,dartlife@yahoo.com
Joi,Hamilton,Germany,2018-10-19,crandall@me.com
Tamatha,Spies,Montenegro,2019-04-26,fudrucker@outlook.com
Raleigh,Kreiner,Ireland,2014-08-15,dkrishna@verizon.net
Elissa,Issa,Malta,2015-07-08,kmself@icloud.com
Tonie,Caprio,Norway,2013-04-11,timlinux@msn.com
Georgette,Zollars,Montenegro,2014-08-15,louise@yahoo.com
Erica,Nader,Estonia,2018-05-03,plover@me.com
Emelina,Westfall,Latvia,2019-04-26,mahbub@aol.com
Marcie,Burlingame,Hungary,2014-08-15,bdbrown@sbcglobal.net
Mertie,Cora,Albania,2019-04-26,crowemojo@comcast.net
Lorretta,Withey,Ireland,2020-07-13,kohlis@yahoo.ca
Winfred,Ellison,Gibraltar,2018-10-19,bancboy@gmail.com
Sharan,Avey,Norway,2013-04-11,rfoley@mac.com
Stephenie,Gow,Estonia,2017-01-17,daveed@outlook.com
Maddie,Besser,Gibraltar,2019-04-26,pplinux@hotmail.com
Monty,Mims,Ireland,Germany,2013-12-02,brainless@yahoo.com
Andera,Minjarez,Germany,2013-04-11,pakaste@mac.com
Carolyne,Greenwood,Estonia,2019-04-26,mobileip@att.net
Darrel,Mantle,Norway,2013-12-02,mcrawfor@verizon.net
Gregg,Rosenfield,Portugal,2004-01-14,shawnce@aol.com
Kym,Parente,Estonia,2004-12-17,pkplex@gmail.com
Oma,Giroux,Germany,2005-06-07,purvis@hotmail.com
Yan,Mccrae,Albania,2018-05-03,crowl@comcast.net
Patrina,Winchester,Denmark,2017-01-17,kmself@icloud.com
Mollie,Real,Ireland,Estonia,2020-07-13,rkobes@yahoo.com
Steve,Engelhard,Denmark,2014-08-15,grdschl@live.com
Lester,Bills,Ireland,2020-07-13,seanq@live.com
Freddie,Follansbee,Portugal,2018-05-03,carmena@comcast.net
Frederick,Winborne,Norway,2014-08-15,sarahs@sbcglobal.net
Wilfred,Nussbaum,Slovenia,2018-10-19,errxn@yahoo.ca
Elroy,Kemble,Denmark,2015-07-08,alfred@verizon.net
Elaine,Shorter,Albania,2019-04-26,thrymm@verizon.net
Belen,Holdaway,Portugal,2017-01-17,emmanuel@mac.com
Viola,Rigsby,Portugal,2018-05-03,henkp@outlook.com
Eladia,Bisbee,Slovenia,2020-07-13,lbecchi@sbcglobal.net
Mia,Kerschner,Albania,2013-12-02,rsmartin@gmail.com
Pearle,Hooks,Denmark,2018-10-19,dmiller@me.com
Masako,Figueroa,Germany,2015-07-08,stecoop@me.com
Mauricio,Shephard,Norway,2013-04-11,jonathan@hotmail.com
Owen,Thrall,Albania,2017-01-17,thassine@msn.com
Chrissy,Soloman,Germany,2018-05-03,bmorrow@sbcglobal.net
Alexis,Sidney,Malta,2013-12-02,dkasak@aol.com
Santos,Agron,Albania,2015-07-08,dougj@outlook.com
Suzanna,Lundgreen,Malta,2020-07-13,rohitm@aol.com
Terrell,Alcorn,Germany,2018-10-19,jlbaumga@live.com
Viviana,Jaworski,Slovenia,2013-04-11,kalpol@yahoo.com
Noe,Gourley,Gibraltar,2017-01-17,boomzilla@hotmail.com
Sharice,Parnell,Gibraltar,2015-07-08,rasca@outlook.com
Alfonso,Lounsbury,Albania,2018-10-19,offthelip@yahoo.ca
Sharice,Parnell,Estonia,2013-12-02,dartlife@yahoo.com
Joi,Hamilton,Germany,2018-10-19,crandall@me.com
Tamatha,Spies,Montenegro,2019-04-26,fudrucker@outlook.com
Raleigh,Kreiner,Ireland,2014-08-15,dkrishna@verizon.net
Elissa,Issa,Malta,2015-07-08,kmself@icloud.com
Tonie,Caprio,Norway,2013-04-11,timlinux@msn.com
Georgette,Zollars,Montenegro,2014-08-15,louise@yahoo.com
Erica,Nader,Estonia,2018-05-03,plover@me.com
Emelina,Westfall,Latvia,2019-04-26,mahbub@aol.com
Marcie,Burlingame,Hungary,2014-08-15,bdbrown@sbcglobal.net
Mertie,Cora,Albania,2019-04-26,crowemojo@comcast.net
Lorretta,Withey,Ireland,2020-07-13,kohlis@yahoo.ca
Winfred,Ellison,Gibraltar,2018-10-19,bancboy@gmail.com
Sharan,Avey,Norway,2013-04-11,rfoley@mac.com
Stephenie,Gow,Estonia,2017-01-17,daveed@outlook.com
Maddie,Besser,Gibraltar,2019-04-26,pplinux@hotmail.com
Monty,Mims,Ireland,Germany,2013-12-02,brainless@yahoo.com
Andera,Minjarez,Germany,2013-04-11,pakaste@mac.com
Carolyne,Greenwood,Estonia,2019-04-26,mobileip@att.net
Darrel,Mantle,Norway,2013-12-02,mcrawfor@verizon.net
Gregg,Rosenfield,Portugal,2004-01-14,shawnce@aol.com
Kym,Parente,Estonia,2004-12-17,pkplex@gmail.com
Oma,Giroux,Germany,2005-06-07,purvis@hotmail.com
Yan,Mccrae,Albania,2018-05-03,crowl@comcast.net
Patrina,Winchester,Denmark,2017-01-17,kmself@icloud.com
Mollie,Real,Ireland,Estonia,2020-07-13,rkobes@yahoo.com
Steve,Engelhard,Denmark,2014-08-15,grdschl@live.com
Lester,Bills,Ireland,2020-07-13,seanq@live.com
Freddie,Follansbee,Portugal,2018-05-03,carmena@comcast.net
Frederick,Winborne,Norway,2014-08-15,sarahs@sbcglobal.net
Wilfred,Nussbaum,Slovenia,2018-10-19,errxn@yahoo.ca
Elroy,Kemble,Denmark,2015-07-08,alfred@verizon.net
Elaine,Shorter,Albania,2019-04-26,thrymm@verizon.net
Belen,Holdaway,Portugal,2017-01-17,emmanuel@mac.com
Viola,Rigsby,Portugal,2018-05-03,henkp@outlook.com
Eladia,Bisbee,Slovenia,2020-07-13,lbecchi@sbcglobal.net
Mia,Kerschner,Albania,2013-12-02,rsmartin@gmail.com
Pearle,Hooks,Denmark,2018-10-19,dmiller@me.com
Masako,Figueroa,Germany,2015-07-08,stecoop@me.com
Mauricio,Shephard,Norway,2013-04-11,jonathan@hotmail.com
Owen,Thrall,Albania,2017-01-17,thassine@msn.com
Chrissy,Soloman,Germany,2018-05-03,bmorrow@sbcglobal.net
Alexis,Sidney,Malta,2013-12-02,dkasak@aol.com
Santos,Agron,Albania,2015-07-08,dougj@outlook.com
Suzanna,Lundgreen,Malta,2020-07-13,rohitm@aol.com
Terrell,Alcorn,Germany,2018-10-19,jlbaumga@live.com
Viviana,Jaworski,Slovenia,2013-04-11,kalpol@yahoo.com
Noe,Gourley,Gibraltar,2017-01-17,boomzilla@hotmail.com
Sharice,Parnell,Gibraltar,2015-07-08,rasca@outlook.com
Alfonso,Lounsbury,Albania,2018-10-19,offthelip@yahoo.ca
Sharice,Parnell,Estonia,2013-12-02,dartlife@yahoo.com
Joi,Hamilton,Germany,2018-10-19,crandall@me.com
Tamatha,Spies,Montenegro,2019-04-26,fudrucker@outlook.com
Raleigh,Kreiner,Ireland,2014-08-15,dkrishna@verizon.net
Elissa,Issa,Malta,2015-07-08,kmself@icloud.com
Tonie,Caprio,Norway,2013-04-11,timlinux@msn.com
Georgette,Zollars,Montenegro,2014-08-15,louise@yahoo.com
Erica,Nader,Estonia,2018-05-03,plover@me.com
Emelina,Westfall,Latvia,2019-04-26,mahbub@aol.com
Marcie,Burlingame,Hungary,2014-08-15,bdbrown@sbcglobal.net
Mertie,Cora,Albania,2019-04-26,crowemojo@comcast.net
Lorretta,Withey,Ireland,2020-07-13,kohlis@yahoo.ca
Winfred,Ellison,Gibraltar,2018-10-19,bancboy@gmail.com
Sharan,Avey,Norway,2013-04-11,rfoley@mac.com
Stephenie,Gow,Estonia,2017-01-17,daveed@outlook.com
Maddie,Besser,Gibraltar,2019-04-26,pplinux@hotmail.com
Monty,Mims,Ireland,Germany,2013-12-02,brainless@yahoo.com
Andera,Minjarez,Germany,2013-04-11,pakaste@mac.com
Carolyne,Greenwood,Estonia,2019-04-26,mobileip@att.net
Darrel,Mantle,Norway,2013-12-02,mcrawfor@verizon.net
Gregg,Rosenfield,Portugal,2004-01-14,shawnce@aol.com
Kym,Parente,Estonia,2004-12-17,pkplex@gmail.com
Oma,Giroux,Germany,2005-06-07,purvis@hotmail.com
Yan,Mccrae,Albania,2018-05-03,crowl@comcast.net
Patrina,Winchester,Denmark,2017-01-17,kmself@icloud.com
Mollie,Real,Ireland,Estonia,2020-07-13,rkobes@yahoo.com
Steve,Engelhard,Denmark,2014-08-15,grdschl@live.com
Lester,Bills,Ireland,2020-07-13,seanq@live.com
Freddie,Follansbee,Portugal,2018-05-03,carmena@comcast.net
Frederick,Winborne,Norway,2014-08-15,sarahs@sbcglobal.net
Wilfred,Nussbaum,Slovenia,2018-10-19,errxn@yahoo.ca
Elroy,Kemble,Denmark,2015-07-08,alfred@verizon.net
Elaine,Shorter,Albania,2019-04-26,thrymm@verizon.net
Belen,Holdaway,Portugal,2017-01-17,emmanuel@mac.com
Viola,Rigsby,Portugal,2018-05-03,henkp@outlook.com
Eladia,Bisbee,Slovenia,2020-07-13,lbecchi@sbcglobal.net
Mia,Kerschner,Albania,2013-12-02,rsmartin@gmail.com
Pearle,Hooks,Denmark,2018-10-19,dmiller@me.com
Masako,Figueroa,Germany,2015-07-08,stecoop@me.com
Mauricio,Shephard,Norway,2013-04-11,jonathan@hotmail.com
Owen,Thrall,Albania,2017-01-17,thassine@msn.com
Chrissy,Soloman,Germany,2018-05-03,bmorrow@sbcglobal.net
Alexis,Sidney,Malta,2013-12-02,dkasak@aol.com
Santos,Agron,Albania,2015-07-08,dougj@outlook.com
Suzanna,Lundgreen,Malta,2020-07-13,rohitm@aol.com
Terrell,Alcorn,Germany,2018-10-19,jlbaumga@live.com
Viviana,Jaworski,Slovenia,2013-04-11,kalpol@yahoo.com
Noe,Gourley,Gibraltar,2017-01-17,boomzilla@hotmail.com
Sharice,Parnell,Gibraltar,2015-07-08,rasca@outlook.com
Alfonso,Lounsbury,Albania,2018-10-19,offthelip@yahoo.ca
Sharice,Parnell,Estonia,2013-12-02,dartlife@yahoo.com
Joi,Hamilton,Germany,2018-10-19,crandall@me.com
Tamatha,Spies,Montenegro,2019-04-26,fudrucker@outlook.com
Raleigh,Kreiner,Ireland,2014-08-15,dkrishna@verizon.net
Elissa,Issa,Malta,2015-07-08,kmself@icloud.com
Tonie,Caprio,Norway,2013-04-11,timlinux@msn.com
Georgette,Zollars,Montenegro,2014-08-15,louise@yahoo.com
Erica,Nader,Estonia,2018-05-03,plover@me.com
Emelina,Westfall,Latvia,2019-04-26,mahbub@aol.com
Marcie,Burlingame,Hungary,2014-08-15,bdbrown@sbcglobal.net
Mertie,Cora,Albania,2019-04-26,crowemojo@comcast.net
Lorretta,Withey,Ireland,2020-07-13,kohlis@yahoo.ca
Winfred,Ellison,Gibraltar,2018-10-19,bancboy@gmail.com
Sharan,Avey,Norway,2013-04-11,rfoley@mac.com
Stephenie,Gow,Estonia,2017-01-17,daveed@outlook.com
Maddie,Besser,Gibraltar,2019-04-26,pplinux@hotmail.com
Monty,Mims,Ireland,Germany,2013-12-02,brainless@yahoo.com
Andera,Minjarez,Germany,2013-04-11,pakaste@mac.com
Carolyne,Greenwood,Estonia,2019-04-26,mobileip@att.net
Darrel,Mantle,Norway,2013-12-02,mcrawfor@verizon.net
Gregg,Rosenfield,Portugal,2004-01-14,shawnce@aol.com
Kym,Parente,Estonia,2004-12-17,pkplex@gmail.com
Oma,Giroux,Germany,2005-06-07,purvis@hotmail.com
Yan,Mccrae,Albania,2018-05-03,crowl@comcast.net
Patrina,Winchester,Denmark,2017-01-17,kmself@icloud.com
Mollie,Real,Ireland,Estonia,2020-07-13,rkobes@yahoo.com
Steve,Engelhard,Denmark,2014-08-15,grdschl@live.com
Lester,Bills,Ireland,2020-07-13,seanq@live.com
Freddie,Follansbee,Portugal,2018-05-03,carmena@comcast.net
Frederick,Winborne,Norway,2014-08-15,sarahs@sbcglobal.net
Wilfred,Nussbaum,Slovenia,2018-10-19,errxn@yahoo.ca
Elroy,Kemble,Denmark,2015-07-08,alfred@verizon.net
Elaine,Shorter,Albania,2019-04-26,thrymm@verizon.net
Belen,Holdaway,Portugal,2017-01-17,emmanuel@mac.com
Viola,Rigsby,Portugal,2018-05-03,henkp@outlook.com
Eladia,Bisbee,Slovenia,2020-07-13,lbecchi@sbcglobal.net
Mia,Kerschner,Albania,2013-12-02,rsmartin@gmail.com
Pearle,Hooks,Denmark,2018-10-19,dmiller@me.com
Masako,Figueroa,Germany,2015-07-08,stecoop@me.com
Mauricio,Shephard,Norway,2013-04-11,jonathan@hotmail.com
Owen,Thrall,Albania,2017-01-17,thassine@msn.com
Chrissy,Soloman,Germany,2018-05-03,bmorrow@sbcglobal.net
Alexis,Sidney,Malta,2013-12-02,dkasak@aol.com
Santos,Agron,Albania,2015-07-08,dougj@outlook.com
Suzanna,Lundgreen,Malta,2020-07-13,rohitm@aol.com
Terrell,Alcorn,Germany,2018-10-19,jlbaumga@live.com
Viviana,Jaworski,Slovenia,2013-04-11,kalpol@yahoo.com
Noe,Gourley,Gibraltar,2017-01-17,boomzilla@hotmail.com
Sharice,Parnell,Gibraltar,2015-07-08,rasca@outlook.com
Alfonso,Lounsbury,Albania,2018-10-19,offthelip@yahoo.ca
Sharice,Parnell,Estonia,2013-12-02,dartlife@yahoo.com
Joi,Hamilton,Germany,2018-10-19,crandall@me.com
Tamatha,Spies,Montenegro,2019-04-26,fudrucker@outlook.com
Raleigh,Kreiner,Ireland,2014-08-15,dkrishna@verizon.net
Elissa,Issa,Malta,2015-07-08,kmself@icloud.com
Tonie,Caprio,Norway,2013-04-11,timlinux@msn.com
Georgette,Zollars,Montenegro,2014-08-15,louise@yahoo.com
Erica,Nader,Estonia,2018-05-03,plover@me.com
Emelina,Westfall,Latvia,2019-04-26,mahbub@aol.com
Marcie,Burlingame,Hungary,2014-08-15,bdbrown@sbcglobal.net
Mertie,Cora,Albania,2019-04-26,crowemojo@comcast.net
Lorretta,Withey,Ireland,2020-07-13,kohlis@yahoo.ca
Winfred,Ellison,Gibraltar,2018-10-19,bancboy@gmail.com
Sharan,Avey,Norway,2013-04-11,rfoley@mac.com
Stephenie,Gow,Estonia,2017-01-17,daveed@outlook.com
Maddie,Besser,Gibraltar,2019-04-26,pplinux@hotmail.com
Monty,Mims,Ireland,Germany,2013-12-02,brainless@yahoo.com
Andera,Minjarez,Germany,2013-04-11,pakaste@mac.com
Carolyne,Greenwood,Estonia,2019-04-26,mobileip@att.net
Darrel,Mantle,Norway,2013-12-02,mcrawfor@verizon.net
Gregg,Rosenfield,Portugal,2004-01-14,shawnce@aol.com
Kym,Parente,Estonia,2004-12-17,pkplex@gmail.com
Oma,Giroux,Germany,2005-06-07,purvis@hotmail.com
Yan,Mccrae,Albania,2018-05-03,crowl@comcast.net
Patrina,Winchester,Denmark,2017-01-17,kmself@icloud.com
Mollie,Real,Ireland,Estonia,2020-07-13,rkobes@yahoo.com
Steve,Engelhard,Denmark,2014-08-15,grdschl@live.com
Lester,Bills,Ireland,2020-07-13,seanq@live.com
Freddie,Follansbee,Portugal,2018-05-03,carmena@comcast.net
Frederick,Winborne,Norway,2014-08-15,sarahs@sbcglobal.net
Wilfred,Nussbaum,Slovenia,2018-10-19,errxn@yahoo.ca
Elroy,Kemble,Denmark,2015-07-08,alfred@verizon.net
Elaine,Shorter,Albania,2019-04-26,thrymm@verizon.net
Belen,Holdaway,Portugal,2017-01-17,emmanuel@mac.com
Viola,Rigsby,Portugal,2018-05-03,henkp@outlook.com
Eladia,Bisbee,Slovenia,2020-07-13,lbecchi@sbcglobal.net
Mia,Kerschner,Albania,2013-12-02,rsmartin@gmail.com
Pearle,Hooks,Denmark,2018-10-19,dmiller@me.com
Masako,Figueroa,Germany,2015-07-08,stecoop@me.com
Mauricio,Shephard,Norway,2013-04-11,jonathan@hotmail.com
Owen,Thrall,Albania,2017-01-17,thassine@msn.com
Chrissy,Soloman,Germany,2018-05-03,bmorrow@sbcglobal.net
Alexis,Sidney,Malta,2013-12-02,dkasak@aol.com
Santos,Agron,Albania,2015-07-08,dougj@outlook.com
Suzanna,Lundgreen,Malta,2020-07-13,rohitm@aol.com
Terrell,Alcorn,Germany,2018-10-19,jlbaumga@live.com
Viviana,Jaworski,Slovenia,2013-04-11,kalpol@yahoo.com
Noe,Gourley,Gibraltar,2017-01-17,boomzilla@hotmail.com
Sharice,Parnell,Gibraltar,2015-07-08,rasca@outlook.com
Alfonso,Lounsbury,Albania,2018-10-19,offthelip@yahoo.ca
Sharice,Parnell,Estonia,2013-12-02,dartlife@yahoo.com
Joi,Hamilton,Germany,2018-10-19,crandall@me.com
Tamatha,Spies,Montenegro,2019-04-26,fudrucker@outlook.com
Raleigh,Kreiner,Ireland,2014-08-15,dkrishna@verizon.net
Elissa,Issa,Malta,2015-07-08,kmself@icloud.com
Tonie,Caprio,Norway,2013-04-11,timlinux@msn.com
Georgette,Zollars,Montenegro,2014-08-15,louise@yahoo.com
Erica,Nader,Estonia,2018-05-03,plover@me.com
Emelina,Westfall,Latvia,2019-04-26,mahbub@aol.com
Marcie,Burlingame,Hungary,2014-08-15,bdbrown@sbcglobal.net
Mertie,Cora,Albania,2019-04-26,crowemojo@comcast.net
Lorretta,Withey,Ireland,2020-07-13,kohlis@yahoo.ca
Winfred,Ellison,Gibraltar,2018-10-19,bancboy@gmail.com
Sharan,Avey,Norway,2013-04-11,rfoley@mac.com
Stephenie,Gow,Estonia,2017-01-17,daveed@outlook.com
Maddie,Besser,Gibraltar,2019-04-26,pplinux@hotmail.com
Monty,Mims,Ireland,Germany,2013-12-02,brainless@yahoo.com
Andera,Minjarez,Germany,2013-04-11,pakaste@mac.com
Carolyne,Greenwood,Estonia,2019-04-26,mobileip@att.net
Darrel,Mantle,Norway,2013-12-02,mcrawfor@verizon.net
Gregg,Rosenfield,Portugal,2004-01-14,shawnce@aol.com
Kym,Parente,Estonia,2004-12-17,pkplex@gmail.com
Oma,Giroux,Germany,2005-06-07,purvis@hotmail.com
Yan,Mccrae,Albania,2018-05-03,crowl@comcast.net
Patrina,Winchester,Denmark,2017-01-17,kmself@icloud.com
Mollie,Real,Ireland,Estonia,2020-07-13,rkobes@yahoo.com
Steve,Engelhard,Denmark,2014-08-15,grdschl@live.com
Lester,Bills,Ireland,2020-07-13,seanq@live.com
Freddie,Follansbee,Portugal,2018-05-03,carmena@comcast.net
Frederick,Winborne,Norway,2014-08-15,sarahs@sbcglobal.net
Wilfred,Nussbaum,Slovenia,2018-10-19,errxn@yahoo.ca
Elroy,Kemble,Denmark,2015-07-08,alfred@verizon.net
Elaine,Shorter,Albania,2019-04-26,thrymm@verizon.net
Belen,Holdaway,Portugal,2017-01-17,emmanuel@mac.com
Viola,Rigsby,Portugal,2018-05-03,henkp@outlook.com
Eladia,Bisbee,Slovenia,2020-07-13,lbecchi@sbcglobal.net
Mia,Kerschner,Albania,2013-12-02,rsmartin@gmail.com
Pearle,Hooks,Denmark,2018-10-19,dmiller@me.com
Masako,Figueroa,Germany,2015-07-08,stecoop@me.com
Mauricio,Shephard,Norway,2013-04-11,jonathan@hotmail.com
Owen,Thrall,Albania,2017-01-17,thassine@msn.com
Chrissy,Soloman,Germany,2018-05-03,bmorrow@sbcglobal.net
Alexis,Sidney,Malta,2013-12-02,dkasak@aol.com
Santos,Agron,Albania,2015-07-08,dougj@outlook.com
Suzanna,Lundgreen,Malta,2020-07-13,rohitm@aol.com
Terrell,Alcorn,Germany,2018-10-19,jlbaumga@live.com
Viviana,Jaworski,Slovenia,2013-04-11,kalpol@yahoo.com
Noe,Gourley,Gibraltar,2017-01-17,boomzilla@hotmail.com
Sharice,Parnell,Gibraltar,2015-07-08,rasca@outlook.com
Alfonso,Lounsbury,Albania,2018-10-19,offthelip@yahoo.ca
Sharice,Parnell,Estonia,2013-12-02,dartlife@yahoo.com
Joi,Hamilton,Germany,2018-10-19,crandall@me.com
Tamatha,Spies,Montenegro,2019-04-26,fudrucker@outlook.com
Raleigh,Kreiner,Ireland,2014-08-15,dkrishna@verizon.net
Elissa,Issa,Malta,2015-07-08,kmself@icloud.com
Tonie,Caprio,Norway,2013-04-11,timlinux@msn.com
Georgette,Zollars,Montenegro,2014-08-15,louise@yahoo.com
Erica,Nader,Estonia,2018-05-03,plover@me.com
Emelina,Westfall,Latvia,2019-04-26,mahbub@aol.com
Marcie,Burlingame,Hungary,2014-08-15,bdbrown@sbcglobal.net
Mertie,Cora,Albania,2019-04-26,crowemojo@comcast.net
Lorretta,Withey,Ireland,2020-07-13,kohlis@yahoo.ca
Winfred,Ellison,Gibraltar,2018-10-19,bancboy@gmail.com
Sharan,Avey,Norway,2013-04-11,rfoley@mac.com
Stephenie,Gow,Estonia,2017-01-17,daveed@outlook.com
Maddie,Besser,Gibraltar,2019-04-26,pplinux@hotmail.com
Monty,Mims,Ireland,Germany,2013-12-02,brainless@yahoo.com
Andera,Minjarez,Germany,2013-04-11,pakaste@mac.com
Carolyne,Greenwood,Estonia,2019-04-26,mobileip@att.net
Darrel,Mantle,Norway,2013-12-02,mcrawfor@verizon.net
Gregg,Rosenfield,Portugal,2004-01-14,shawnce@aol.com
Kym,Parente,Estonia,2004-12-17,pkplex@gmail.com
Oma,Giroux,Germany,2005-06-07,purvis@hotmail.com
Yan,Mccrae,Albania,2018-05-03,crowl@comcast.net
Patrina,Winchester,Denmark,2017-01-17,kmself@icloud.com
Mollie,Real,Ireland,Estonia,2020-07-13,rkobes@yahoo.com
Steve,Engelhard,Denmark,2014-08-15,grdschl@live.com
Lester,Bills,Ireland,2020-07-13,seanq@live.com
Freddie,Follansbee,Portugal,2018-05-03,carmena@comcast.net
Frederick,Winborne,Norway,2014-08-15,sarahs@sbcglobal.net
Wilfred,Nussbaum,Slovenia,2018-10-19,errxn@yahoo.ca
Elroy,Kemble,Denmark,2015-07-08,alfred@verizon.net
Elaine,Shorter,Albania,2019-04-26,thrymm@verizon.net
Belen,Holdaway,Portugal,2017-01-17,emmanuel@mac.com
Viola,Rigsby,Portugal,2018-05-03,henkp@outlook.com
Eladia,Bisbee,Slovenia,2020-07-13,lbecchi@sbcglobal.net
Mia,Kerschner,Albania,2013-12-02,rsmartin@gmail.com
Pearle,Hooks,Denmark,2018-10-19,dmiller@me.com
Masako,Figueroa,Germany,2015-07-08,stecoop@me.com
Mauricio,Shephard,Norway,2013-04-11,jonathan@hotmail.com
Owen,Thrall,Albania,2017-01-17,thassine@msn.com
Chrissy,Soloman,Germany,2018-05-03,bmorrow@sbcglobal.net
Alexis,Sidney,Malta,2013-12-02,dkasak@aol.com
Santos,Agron,Albania,2015-07-08,dougj@outlook.com
Suzanna,Lundgreen,Malta,2020-07-13,rohitm@aol.com
Terrell,Alcorn,Germany,2018-10-19,jlbaumga@live.com
Viviana,Jaworski,Slovenia,2013-04-11,kalpol@yahoo.com
Noe,Gourley,Gibraltar,2017-01-17,boomzilla@hotmail.com
Sharice,Parnell,Gibraltar,2015-07-08,rasca@outlook.com
Alfonso,Lounsbury,Albania,2018-10-19,offthelip@yahoo.ca
Sharice,Parnell,Estonia,2013-12-02,dartlife@yahoo.com
Joi,Hamilton,Germany,2018-10-19,crandall@me.com
Tamatha,Spies,Montenegro,2019-04-26,fudrucker@outlook.com
Raleigh,Kreiner,Ireland,2014-08-15,dkrishna@verizon.net
Elissa,Issa,Malta,2015-07-08,kmself@icloud.com
Tonie,Caprio,Norway,2013-04-11,timlinux@msn.com
Georgette,Zollars,Montenegro,2014-08-15,louise@yahoo.com
Erica,Nader,Estonia,2018-05-03,plover@me.com
Emelina,Westfall,Latvia,2019-04-26,mahbub@aol.com
Marcie,Burlingame,Hungary,2014-08-15,bdbrown@sbcglobal.net
Mertie,Cora,Albania,2019-04-26,crowemojo@comcast.net
Lorretta,Withey,Ireland,2020-07-13,kohlis@yahoo.ca
Winfred,Ellison,Gibraltar,2018-10-19,bancboy@gmail.com
Sharan,Avey,Norway,2013-04-11,rfoley@mac.com
Stephenie,Gow,Estonia,2017-01-17,daveed@outlook.com
Maddie,Besser,Gibraltar,2019-04-26,pplinux@hotmail.com
Monty,Mims,Ireland,Germany,2013-12-02,brainless@yahoo.com
Andera,Minjarez,Germany,2013-04-11,pakaste@mac.com
Carolyne,Greenwood,Estonia,2019-04-26,mobileip@att.net
Darrel,Mantle,Norway,2013-12-02,mcrawfor@verizon.net
Gregg,Rosenfield,Portugal,2004-01-14,shawnce@aol.com
Kym,Parente,Estonia,2004-12-17,pkplex@gmail.com
Oma,Giroux,Germany,2005-06-07,purvis@hotmail.com
Yan,Mccrae,Albania,2018-05-03,crowl@comcast.net
Patrina,Winchester,Denmark,2017-01-17,kmself@icloud.com
Mollie,Real,Ireland,Estonia,2020-07-13,rkobes@yahoo.com
Steve,Engelhard,Denmark,2014-08-15,grdschl@live.com
Lester,Bills,Ireland,2020-07-13,seanq@live.com
Freddie,Follansbee,Portugal,2018-05-03,carmena@comcast.net
Frederick,Winborne,Norway,2014-08-15,sarahs@sbcglobal.net
Wilfred,Nussbaum,Slovenia,2018-10-19,errxn@yahoo.ca
Elroy,Kemble,Denmark,2015-07-08,alfred@verizon.net
Elaine,Shorter,Albania,2019-04-26,thrymm@verizon.net
Belen,Holdaway,Portugal,2017-01-17,emmanuel@mac.com
Viola,Rigsby,Portugal,2018-05-03,henkp@outlook.com
Eladia,Bisbee,Slovenia,2020-07-13,lbecchi@sbcglobal.net
Mia,Kerschner,Albania,2013-12-02,rsmartin@gmail.com
Pearle,Hooks,Denmark,2018-10-19,dmiller@me.com
Masako,Figueroa,Germany,2015-07-08,stecoop@me.com
Mauricio,Shephard,Norway,2013-04-11,jonathan@hotmail.com
Owen,Thrall,Albania,2017-01-17,thassine@msn.com
Chrissy,Soloman,Germany,2018-05-03,bmorrow@sbcglobal.net
Alexis,Sidney,Malta,2013-12-02,dkasak@aol.com
Santos,Agron,Albania,2015-07-08,dougj@outlook.com
Suzanna,Lundgreen,Malta,2020-07-13,rohitm@aol.com
Terrell,Alcorn,Germany,2018-10-19,jlbaumga@live.com
Viviana,Jaworski,Slovenia,2013-04-11,kalpol@yahoo.com
Noe,Gourley,Gibraltar,2017-01-17,boomzilla@hotmail.com
Sharice,Parnell,Gibraltar,2015-07-08,rasca@outlook.com
Alfonso,Lounsbury,Albania,2018-10-19,offthelip@yahoo.ca
Sharice,Parnell,Estonia,2013-12-02,dartlife@yahoo.com
Joi,Hamilton,Germany,2018-10-19,crandall@me.com
Tamatha,Spies,Montenegro,2019-04-26,fudrucker@outlook.com
Raleigh,Kreiner,Ireland,2014-08-15,dkrishna@verizon.net
Elissa,Issa,Malta,2015-07-08,kmself@icloud.com
Tonie,Caprio,Norway,2013-04-11,timlinux@msn.com
Georgette,Zollars,Montenegro,2014-08-15,louise@yahoo.com
Erica,Nader,Estonia,2018-05-03,plover@me.com
Emelina,Westfall,Latvia,2019-04-26,mahbub@aol.com
Marcie,Burlingame,Hungary,2014-08-15,bdbrown@sbcglobal.net
Mertie,Cora,Albania,2019-04-26,crowemojo@comcast.net
Lorretta,Withey,Ireland,2020-07-13,kohlis@yahoo.ca
Winfred,Ellison,Gibraltar,2018-10-19,bancboy@gmail.com
Sharan,Avey,Norway,2013-04-11,rfoley@mac.com
Stephenie,Gow,Estonia,2017-01-17,daveed@outlook.com
Maddie,Besser,Gibraltar,2019-04-26,pplinux@hotmail.com
Monty,Mims,Ireland,Germany,2013-12-02,brainless@yahoo.com
Andera,Minjarez,Germany,2013-04-11,pakaste@mac.com
Carolyne,Greenwood,Estonia,2019-04-26,mobileip@att.net
Darrel,Mantle,Norway,2013-12-02,mcrawfor@verizon.net
Gregg,Rosenfield,Portugal,2004-01-14,shawnce@aol.com
Kym,Parente,Estonia,2004-12-17,pkplex@gmail.com
Oma,Giroux,Germany,2005-06-07,purvis@hotmail.com
Yan,Mccrae,Albania,2018-05-03,crowl@comcast.net
Patrina,Winchester,Denmark,2017-01-17,kmself@icloud.com
Mollie,Real,Ireland,Estonia,2020-07-13,rkobes@yahoo.com
Steve,Engelhard,Denmark,2014-08-15,grdschl@live.com
Lester,Bills,Ireland,2020-07-13,seanq@live.com
Freddie,Follansbee,Portugal,2018-05-03,carmena@comcast.net
Frederick,Winborne,Norway,2014-08-15,sarahs@sbcglobal.net
Wilfred,Nussbaum,Slovenia,2018-10-19,errxn@yahoo.ca
Elroy,Kemble,Denmark,2015-07-08,alfred@verizon.net
Elaine,Shorter,Albania,2019-04-26,thrymm@verizon.net
Belen,Holdaway,Portugal,2017-01-17,emmanuel@mac.com
Viola,Rigsby,Portugal,2018-05-03,henkp@outlook.com
Eladia,Bisbee,Slovenia,2020-07-13,lbecchi@sbcglobal.net
Mia,Kerschner,Albania,2013-12-02,rsmartin@gmail.com
Pearle,Hooks,Denmark,2018-10-19,dmiller@me.com
Masako,Figueroa,Germany,2015-07-08,stecoop@me.com
Mauricio,Shephard,Norway,2013-04-11,jonathan@hotmail.com
Owen,Thrall,Albania,2017-01-17,thassine@msn.com
Chrissy,Soloman,Germany,2018-05-03,bmorrow@sbcglobal.net
Alexis,Sidney,Malta,2013-12-02,dkasak@aol.com
Santos,Agron,Albania,2015-07-08,dougj@outlook.com
Suzanna,Lundgreen,Malta,2020-07-13,rohitm@aol.com
Terrell,Alcorn,Germany,2018-10-19,jlbaumga@live.com
Viviana,Jaworski,Slovenia,2013-04-11,kalpol@yahoo.com
Noe,Gourley,Gibraltar,2017-01-17,boomzilla@hotmail.com
Sharice,Parnell,Gibraltar,2015-07-08,rasca@outlook.com
Alfonso,Lounsbury,Albania,2018-10-19,offthelip@yahoo.ca
Sharice,Parnell,Estonia,2013-12-02,dartlife@yahoo.com
Joi,Hamilton,Germany,2018-10-19,crandall@me.com
Tamatha,Spies,Montenegro,2019-04-26,fudrucker@outlook.com
Raleigh,Kreiner,Ireland,2014-08-15,dkrishna@verizon.net
Elissa,Issa,Malta,2015-07-08,kmself@icloud.com
Tonie,Caprio,Norway,2013-04-11,timlinux@msn.com
Georgette,Zollars,Montenegro,2014-08-15,louise@yahoo.com
Erica,Nader,Estonia,2018-05-03,plover@me.com
Emelina,Westfall,Latvia,2019-04-26,mahbub@aol.com
Marcie,Burlingame,Hungary,2014-08-15,bdbrown@sbcglobal.net
Mertie,Cora,Albania,2019-04-26,crowemojo@comcast.net
Lorretta,Withey,Ireland,2020-07-13,kohlis@yahoo.ca
Winfred,Ellison,Gibraltar,2018-10-19,bancboy@gmail.com
Sharan,Avey,Norway,2013-04-11,rfoley@mac.com
Stephenie,Gow,Estonia,2017-01-17,daveed@outlook.com
Maddie,Besser,Gibraltar,2019-04-26,pplinux@hotmail.com
Monty,Mims,Ireland,Germany,2013-12-02,brainless@yahoo.com
Andera,Minjarez,Germany,2013-04-11,pakaste@mac.com
Carolyne,Greenwood,Estonia,2019-04-26,mobileip@att.net
Darrel,Mantle,Norway,2013-12-02,mcrawfor@verizon.net
Gregg,Rosenfield,Portugal,2004-01-14,shawnce@aol.com
Kym,Parente,Estonia,2004-12-17,pkplex@gmail.com
Oma,Giroux,Germany,2005-06-07,purvis@hotmail.com
Yan,Mccrae,Albania,2018-05-03,crowl@comcast.net
Patrina,Winchester,Denmark,2017-01-17,kmself@icloud.com
Mollie,Real,Ireland,Estonia,2020-07-13,rkobes@yahoo.com
Steve,Engelhard,Denmark,2014-08-15,grdschl@live.com
Lester,Bills,Ireland,2020-07-13,seanq@live.com
Freddie,Follansbee,Portugal,2018-05-03,carmena@comcast.net
Frederick,Winborne,Norway,2014-08-15,sarahs@sbcglobal.net
Wilfred,Nussbaum,Slovenia,2018-10-19,errxn@yahoo.ca
Elroy,Kemble,Denmark,2015-07-08,alfred@verizon.net
Elaine,Shorter,Albania,2019-04-26,thrymm@verizon.net
Belen,Holdaway,Portugal,2017-01-17,emmanuel@mac.com
Viola,Rigsby,Portugal,2018-05-03,henkp@outlook.com
Eladia,Bisbee,Slovenia,2020-07-13,lbecchi@sbcglobal.net
Mia,Kerschner,Albania,2013-12-02,rsmartin@gmail.com
Pearle,Hooks,Denmark,2018-10-19,dmiller@me.com
Masako,Figueroa,Germany,2015-07-08,stecoop@me.com
Mauricio,Shephard,Norway,2013-04-11,jonathan@hotmail.com
Owen,Thrall,Albania,2017-01-17,thassine@msn.com
Chrissy,Soloman,Germany,2018-05-03,bmorrow@sbcglobal.net
Alexis,Sidney,Malta,2013-12-02,dkasak@aol.com
Santos,Agron,Albania,2015-07-08,dougj@outlook.com
Suzanna,Lundgreen,Malta,2020-07-13,rohitm@aol.com
Terrell,Alcorn,Germany,2018-10-19,jlbaumga@live.com
Viviana,Jaworski,Slovenia,2013-04-11,kalpol@yahoo.com
Noe,Gourley,Gibraltar,2017-01-17,boomzilla@hotmail.com
Sharice,Parnell,Gibraltar,2015-07-08,rasca@outlook.com
Alfonso,Lounsbury,Albania,2018-10-19,offthelip@yahoo.ca
Sharice,Parnell,Estonia,2013-12-02,dartlife@yahoo.com
Joi,Hamilton,Germany,2018-10-19,crandall@me.com
Tamatha,Spies,Montenegro,2019-04-26,fudrucker@outlook.com
Raleigh,Kreiner,Ireland,2014-08-15,dkrishna@verizon.net
Elissa,Issa,Malta,2015-07-08,kmself@icloud.com
Tonie,Caprio,Norway,2013-04-11,timlinux@msn.com
Georgette,Zollars,Montenegro,2014-08-15,louise@yahoo.com
Erica,Nader,Estonia,2018-05-03,plover@me.com
Emelina,Westfall,Latvia,2019-04-26,mahbub@aol.com
Marcie,Burlingame,Hungary,2014-08-15,bdbrown@sbcglobal.net
Mertie,Cora,Albania,2019-04-26,crowemojo@comcast.net
Lorretta,Withey,Ireland,2020-07-13,kohlis@yahoo.ca
Winfred,Ellison,Gibraltar,2018-10-19,bancboy@gmail.com
Sharan,Avey,Norway,2013-04-11,rfoley@mac.com
Stephenie,Gow,Estonia,2017-01-17,daveed@outlook.com
Maddie,Besser,Gibraltar,2019-04-26,pplinux@hotmail.com
Monty,Mims,Ireland,Germany,2013-12-02,brainless@yahoo.com
Andera,Minjarez,Germany,2013-04-11,pakaste@mac.com
Carolyne,Greenwood,Estonia,2019-04-26,mobileip@att.net
Darrel,Mantle,Norway,2013-12-02,mcrawfor@verizon.net
Gregg,Rosenfield,Portugal,2004-01-14,shawnce@aol.com
Kym,Parente,Estonia,2004-12-17,pkplex@gmail.com
Oma,Giroux,Germany,2005-06-07,purvis@hotmail.com
Yan,Mccrae,Albania,2018-05-03,crowl@comcast.net
Patrina,Winchester,Denmark,2017-01-17,kmself@icloud.com
Mollie,Real,Ireland,Estonia,2020-07-13,rkobes@yahoo.com
Steve,Engelhard,Denmark,2014-08-15,grdschl@live.com
Lester,Bills,Ireland,2020-07-13,seanq@live.com
Freddie,Follansbee,Portugal,2018-05-03,carmena@comcast.net
Frederick,Winborne,Norway,2014-08-15,sarahs@sbcglobal.net
Wilfred,Nussbaum,Slovenia,2018-10-19,errxn@yahoo.ca
Elroy,Kemble,Denmark,2015-07-08,alfred@verizon.net
Elaine,Shorter,Albania,2019-04-26,thrymm@verizon.net
Belen,Holdaway,Portugal,2017-01-17,emmanuel@mac.com
Viola,Rigsby,Portugal,2018-05-03,henkp@outlook.com
Eladia,Bisbee,Slovenia,2020-07-13,lbecchi@sbcglobal.net
Mia,Kerschner,Albania,2013-12-02,rsmartin@gmail.com
Pearle,Hooks,Denmark,2018-10-19,dmiller@me.com
Masako,Figueroa,Germany,2015-07-08,stecoop@me.com
Mauricio,Shephard,Norway,2013-04-11,jonathan@hotmail.com
Owen,Thrall,Albania,2017-01-17,thassine@msn.com
Chrissy,Soloman,Germany,2018-05-03,bmorrow@sbcglobal.net
Alexis,Sidney,Malta,2013-12-02,dkasak@aol.com
Santos,Agron,Albania,2015-07-08,dougj@outlook.com
Suzanna,Lundgreen,Malta,2020-07-13,rohitm@aol.com
Terrell,Alcorn,Germany,2018-10-19,jlbaumga@live.com
Viviana,Jaworski,Slovenia,2013-04-11,kalpol@yahoo.com
Noe,Gourley,Gibraltar,2017-01-17,boomzilla@hotmail.com
Sharice,Parnell,Gibraltar,2015-07-08,rasca@outlook.com
Alfonso,Lounsbury,Albania,2018-10-19,offthelip@yahoo.ca
Sharice,Parnell,Estonia,2013-12-02,dartlife@yahoo.com
Joi,Hamilton,Germany,2018-10-19,crandall@me.com
Tamatha,Spies,Montenegro,2019-04-26,fudrucker@outlook.com
Raleigh,Kreiner,Ireland,2014-08-15,dkrishna@verizon.net
Elissa,Issa,Malta,2015-07-08,kmself@icloud.com
Tonie,Caprio,Norway,2013-04-11,timlinux@msn.com
Georgette,Zollars,Montenegro,2014-08-15,louise@yahoo.com
Erica,Nader,Estonia,2018-05-03,plover@me.com
Emelina,Westfall,Latvia,2019-04-26,mahbub@aol.com
Marcie,Burlingame,Hungary,2014-08-15,bdbrown@sbcglobal.net
Mertie,Cora,Albania,2019-04-26,crowemojo@comcast.net
Lorretta,Withey,Ireland,2020-07-13,kohlis@yahoo.ca
Winfred,Ellison,Gibraltar,2018-10-19,bancboy@gmail.com
Sharan,Avey,Norway,2013-04-11,rfoley@mac.com
Stephenie,Gow,Estonia,2017-01-17,daveed@outlook.com
Maddie,Besser,Gibraltar,2019-04-26,pplinux@hotmail.com
Monty,Mims,Ireland,Germany,2013-12-02,brainless@yahoo.com
Andera,Minjarez,Germany,2013-04-11,pakaste@mac.com
Carolyne,Greenwood,Estonia,2019-04-26,mobileip@att.net
Darrel,Mantle,Norway,2013-12-02,mcrawfor@verizon.net
Gregg,Rosenfield,Portugal,2004-01-14,shawnce@aol.com
Kym,Parente,Estonia,2004-12-17,pkplex@gmail.com
Oma,Giroux,Germany,2005-06-07,purvis@hotmail.com
Yan,Mccrae,Albania,2018-05-03,crowl@comcast.net
Patrina,Winchester,Denmark,2017-01-17,kmself@icloud.com
Mollie,Real,Ireland,Estonia,2020-07-13,rkobes@yahoo.com
Steve,Engelhard,Denmark,2014-08-15,grdschl@live.com
Lester,Bills,Ireland,2020-07-13,seanq@live.com
Freddie,Follansbee,Portugal,2018-05-03,carmena@comcast.net
Frederick,Winborne,Norway,2014-08-15,sarahs@sbcglobal.net
Wilfred,Nussbaum,Slovenia,2018-10-19,errxn@yahoo.ca
Elroy,Kemble,Denmark,2015-07-08,alfred@verizon.net
Elaine,Shorter,Albania,2019-04-26,thrymm@verizon.net
Belen,Holdaway,Portugal,2017-01-17,emmanuel@mac.com
Viola,Rigsby,Portugal,2018-05-03,henkp@outlook.com
Eladia,Bisbee,Slovenia,2020-07-13,lbecchi@sbcglobal.net
Mia,Kerschner,Albania,2013-12-02,rsmartin@gmail.com
Pearle,Hooks,Denmark,2018-10-19,dmiller@me.com
Masako,Figueroa,Germany,2015-07-08,stecoop@me.com
Mauricio,Shephard,Norway,2013-04-11,jonathan@hotmail.com
Owen,Thrall,Albania,2017-01-17,thassine@msn.com
Chrissy,Soloman,Germany,2018-05-03,bmorrow@sbcglobal.net
Alexis,Sidney,Malta,2013-12-02,dkasak@aol.com
Santos,Agron,Albania,2015-07-08,dougj@outlook.com
Suzanna,Lundgreen,Malta,2020-07-13,rohitm@aol.com
Terrell,Alcorn,Germany,2018-10-19,jlbaumga@live.com
Viviana,Jaworski,Slovenia,2013-04-11,kalpol@yahoo.com
Noe,Gourley,Gibraltar,2017-01-17,boomzilla@hotmail.com
Sharice,Parnell,Gibraltar,2015-07-08,rasca@outlook.com
Alfonso,Lounsbury,Albania,2018-10-19,offthelip@yahoo.ca
Sharice,Parnell,Estonia,2013-12-02,dartlife@yahoo.com
Joi,Hamilton,Germany,2018-10-19,crandall@me.com
Tamatha,Spies,Montenegro,2019-04-26,fudrucker@outlook.com
Raleigh,Kreiner,Ireland,2014-08-15,dkrishna@verizon.net
Elissa,Issa,Malta,2015-07-08,kmself@icloud.com
Tonie,Caprio,Norway,2013-04-11,timlinux@msn.com
Georgette,Zollars,Montenegro,2014-08-15,louise@yahoo.com
Erica,Nader,Estonia,2018-05-03,plover@me.com
Emelina,Westfall,Latvia,2019-04-26,mahbub@aol.com
Marcie,Burlingame,Hungary,2014-08-15,bdbrown@sbcglobal.net
Mertie,Cora,Albania,2019-04-26,crowemojo@comcast.net
Lorretta,Withey,Ireland,2020-07-13,kohlis@yahoo.ca
Winfred,Ellison,Gibraltar,2018-10-19,bancboy@gmail.com
Sharan,Avey,Norway,2013-04-11,rfoley@mac.com
Stephenie,Gow,Estonia,2017-01-17,daveed@outlook.com
Maddie,Besser,Gibraltar,2019-04-26,pplinux@hotmail.com
Monty,Mims,Ireland,Germany,2013-12-02,brainless@yahoo.com
Andera,Minjarez,Germany,2013-04-11,pakaste@mac.com
Carolyne,Greenwood,Estonia,2019-04-26,mobileip@att.net
Darrel,Mantle,Norway,2013-12-02,mcrawfor@verizon.net
Gregg,Rosenfield,Portugal,2004-01-14,shawnce@aol.com
Kym,Parente,Estonia,2004-12-17,pkplex@gmail.com
Oma,Giroux,Germany,2005-06-07,purvis@hotmail.com
Yan,Mccrae,Albania,2018-05-03,crowl@comcast.net
Patrina,Winchester,Denmark,2017-01-17,kmself@icloud.com
Mollie,Real,Ireland,Estonia,2020-07-13,rkobes@yahoo.com
Steve,Engelhard,Denmark,2014-08-15,grdschl@live.com
Lester,Bills,Ireland,2020-07-13,seanq@live.com
Freddie,Follansbee,Portugal,2018-05-03,carmena@comcast.net
Frederick,Winborne,Norway,2014-08-15,sarahs@sbcglobal.net
Wilfred,Nussbaum,Slovenia,2018-10-19,errxn@yahoo.ca
Elroy,Kemble,Denmark,2015-07-08,alfred@verizon.net
Elaine,Shorter,Albania,2019-04-26,thrymm@verizon.net
Belen,Holdaway,Portugal,2017-01-17,emmanuel@mac.com
Viola,Rigsby,Portugal,2018-05-03,henkp@outlook.com
Eladia,Bisbee,Slovenia,2020-07-13,lbecchi@sbcglobal.net
Mia,Kerschner,Albania,2013-12-02,rsmartin@gmail.com
Pearle,Hooks,Denmark,2018-10-19,dmiller@me.com
Masako,Figueroa,Germany,2015-07-08,stecoop@me.com
Mauricio,Shephard,Norway,2013-04-11,jonathan@hotmail.com
Owen,Thrall,Albania,2017-01-17,thassine@msn.com
Chrissy,Soloman,Germany,2018-05-03,bmorrow@sbcglobal.net
Alexis,Sidney,Malta,2013-12-02,dkasak@aol.com
Santos,Agron,Albania,2015-07-08,dougj@outlook.com
Suzanna,Lundgreen,Malta,2020-07-13,rohitm@aol.com
Terrell,Alcorn,Germany,2018-10-19,jlbaumga@live.com
Viviana,Jaworski,Slovenia,2013-04-11,kalpol@yahoo.com
Noe,Gourley,Gibraltar,2017-01-17,boomzilla@hotmail.com
Sharice,Parnell,Gibraltar,2015-07-08,rasca@outlook.com
Alfonso,Lounsbury,Albania,2018-10-19,offthelip@yahoo.ca
Sharice,Parnell,Estonia,2013-12-02,dartlife@yahoo.com
Joi,Hamilton,Germany,2018-10-19,crandall@me.com
Tamatha,Spies,Montenegro,2019-04-26,fudrucker@outlook.com
Raleigh,Kreiner,Ireland,2014-08-15,dkrishna@verizon.net
Elissa,Issa,Malta,2015-07-08,kmself@icloud.com
Tonie,Caprio,Norway,2013-04-11,timlinux@msn.com
Georgette,Zollars,Montenegro,2014-08-15,louise@yahoo.com
Erica,Nader,Estonia,2018-05-03,plover@me.com
Emelina,Westfall,Latvia,2019-04-26,mahbub@aol.com
Marcie,Burlingame,Hungary,2014-08-15,bdbrown@sbcglobal.net
Mertie,Cora,Albania,2019-04-26,crowemojo@comcast.net
Lorretta,Withey,Ireland,2020-07-13,kohlis@yahoo.ca
Winfred,Ellison,Gibraltar,2018-10-19,bancboy@gmail.com
Sharan,Avey,Norway,2013-04-11,rfoley@mac.com
Stephenie,Gow,Estonia,2017-01-17,daveed@outlook.com
Maddie,Besser,Gibraltar,2019-04-26,pplinux@hotmail.com
Monty,Mims,Ireland,Germany,2013-12-02,brainless@yahoo.com
Andera,Minjarez,Germany,2013-04-11,pakaste@mac.com
Carolyne,Greenwood,Estonia,2019-04-26,mobileip@att.net
Darrel,Mantle,Norway,2013-12-02,mcrawfor@verizon.net
Gregg,Rosenfield,Portugal,2004-01-14,shawnce@aol.com
Kym,Parente,Estonia,2004-12-17,pkplex@gmail.com
Oma,Giroux,Germany,2005-06-07,purvis@hotmail.com
Yan,Mccrae,Albania,2018-05-03,crowl@comcast.net
Patrina,Winchester,Denmark,2017-01-17,kmself@icloud.com
Mollie,Real,Ireland,Estonia,2020-07-13,rkobes@yahoo.com
Steve,Engelhard,Denmark,2014-08-15,grdschl@live.com
Lester,Bills,Ireland,2020-07-13,seanq@live.com
Freddie,Follansbee,Portugal,2018-05-03,carmena@comcast.net
Frederick,Winborne,Norway,2014-08-15,sarahs@sbcglobal.net
Wilfred,Nussbaum,Slovenia,2018-10-19,errxn@yahoo.ca
Elroy,Kemble,Denmark,2015-07-08,alfred@verizon.net
Elaine,Shorter,Albania,2019-04-26,thrymm@verizon.net
Belen,Holdaway,Portugal,2017-01-17,emmanuel@mac.com
Viola,Rigsby,Portugal,2018-05-03,henkp@outlook.com
Eladia,Bisbee,Slovenia,2020-07-13,lbecchi@sbcglobal.net
Mia,Kerschner,Albania,2013-12-02,rsmartin@gmail.com
Pearle,Hooks,Denmark,2018-10-19,dmiller@me.com
Masako,Figueroa,Germany,2015-07-08,stecoop@me.com
Mauricio,Shephard,Norway,2013-04-11,jonathan@hotmail.com
Owen,Thrall,Albania,2017-01-17,thassine@msn.com
Chrissy,Soloman,Germany,2018-05-03,bmorrow@sbcglobal.net
Alexis,Sidney,Malta,2013-12-02,dkasak@aol.com
Santos,Agron,Albania,2015-07-08,dougj@outlook.com
Suzanna,Lundgreen,Malta,2020-07-13,rohitm@aol.com
Terrell,Alcorn,Germany,2018-10-19,jlbaumga@live.com
Viviana,Jaworski,Slovenia,2013-04-11,kalpol@yahoo.com
Noe,Gourley,Gibraltar,2017-01-17,boomzilla@hotmail.com
Sharice,Parnell,Gibraltar,2015-07-08,rasca@outlook.com
Alfonso,Lounsbury,Albania,2018-10-19,offthelip@yahoo.ca
Sharice,Parnell,Estonia,2013-12-02,dartlife@yahoo.com
Joi,Hamilton,Germany,2018-10-19,crandall@me.com
Tamatha,Spies,Montenegro,2019-04-26,fudrucker@outlook.com
Raleigh,Kreiner,Ireland,2014-08-15,dkrishna@verizon.net
Elissa,Issa,Malta,2015-07-08,kmself@icloud.com
Tonie,Caprio,Norway,2013-04-11,timlinux@msn.com
Georgette,Zollars,Montenegro,2014-08-15,louise@yahoo.com
Erica,Nader,Estonia,2018-05-03,plover@me.com
Emelina,Westfall,Latvia,2019-04-26,mahbub@aol.com
Marcie,Burlingame,Hungary,2014-08-15,bdbrown@sbcglobal.net
Mertie,Cora,Albania,2019-04-26,crowemojo@comcast.net
Lorretta,Withey,Ireland,2020-07-13,kohlis@yahoo.ca
Winfred,Ellison,Gibraltar,2018-10-19,bancboy@gmail.com
Sharan,Avey,Norway,2013-04-11,rfoley@mac.com
Stephenie,Gow,Estonia,2017-01-17,daveed@outlook.com
Maddie,Besser,Gibraltar,2019-04-26,pplinux@hotmail.com
Monty,Mims,Ireland,Germany,2013-12-02,brainless@yahoo.com
Andera,Minjarez,Germany,2013-04-11,pakaste@mac.com
Carolyne,Greenwood,Estonia,2019-04-26,mobileip@att.net
Darrel,Mantle,Norway,2013-12-02,mcrawfor@verizon.net
Gregg,Rosenfield,Portugal,2004-01-14,shawnce@aol.com
Kym,Parente,Estonia,2004-12-17,pkplex@gmail.com
Oma,Giroux,Germany,2005-06-07,purvis@hotmail.com
Yan,Mccrae,Albania,2018-05-03,crowl@comcast.net
Patrina,Winchester,Denmark,2017-01-17,kmself@icloud.com
Mollie,Real,Ireland,Estonia,2020-07-13,rkobes@yahoo.com
Steve,Engelhard,Denmark,2014-08-15,grdschl@live.com
Lester,Bills,Ireland,2020-07-13,seanq@live.com
Freddie,Follansbee,Portugal,2018-05-03,carmena@comcast.net
Frederick,Winborne,Norway,2014-08-15,sarahs@sbcglobal.net
Wilfred,Nussbaum,Slovenia,2018-10-19,errxn@yahoo.ca
Elroy,Kemble,Denmark,2015-07-08,alfred@verizon.net
Elaine,Shorter,Albania,2019-04-26,thrymm@verizon.net
Belen,Holdaway,Portugal,2017-01-17,emmanuel@mac.com
Viola,Rigsby,Portugal,2018-05-03,henkp@outlook.com
Eladia,Bisbee,Slovenia,2020-07-13,lbecchi@sbcglobal.net
Mia,Kerschner,Albania,2013-12-02,rsmartin@gmail.com
Pearle,Hooks,Denmark,2018-10-19,dmiller@me.com
Masako,Figueroa,Germany,2015-07-08,stecoop@me.com
Mauricio,Shephard,Norway,2013-04-11,jonathan@hotmail.com
Owen,Thrall,Albania,2017-01-17,thassine@msn.com
Chrissy,Soloman,Germany,2018-05-03,bmorrow@sbcglobal.net
Alexis,Sidney,Malta,2013-12-02,dkasak@aol.com
Santos,Agron,Albania,2015-07-08,dougj@outlook.com
Suzanna,Lundgreen,Malta,2020-07-13,rohitm@aol.com
Terrell,Alcorn,Germany,2018-10-19,jlbaumga@live.com
Viviana,Jaworski,Slovenia,2013-04-11,kalpol@yahoo.com
Noe,Gourley,Gibraltar,2017-01-17,boomzilla@hotmail.com
Sharice,Parnell,Gibraltar,2015-07-08,rasca@outlook.com
Alfonso,Lounsbury,Albania,2018-10-19,offthelip@yahoo.ca
Sharice,Parnell,Estonia,2013-12-02,dartlife@yahoo.com
Joi,Hamilton,Germany,2018-10-19,crandall@me.com
Tamatha,Spies,Montenegro,2019-04-26,fudrucker@outlook.com
Raleigh,Kreiner,Ireland,2014-08-15,dkrishna@verizon.net
Elissa,Issa,Malta,2015-07-08,kmself@icloud.com
Tonie,Caprio,Norway,2013-04-11,timlinux@msn.com
Georgette,Zollars,Montenegro,2014-08-15,louise@yahoo.com
Erica,Nader,Estonia,2018-05-03,plover@me.com
Emelina,Westfall,Latvia,2019-04-26,mahbub@aol.com
Marcie,Burlingame,Hungary,2014-08-15,bdbrown@sbcglobal.net
Mertie,Cora,Albania,2019-04-26,crowemojo@comcast.net
Lorretta,Withey,Ireland,2020-07-13,kohlis@yahoo.ca
Winfred,Ellison,Gibraltar,2018-10-19,bancboy@gmail.com
Sharan,Avey,Norway,2013-04-11,rfoley@mac.com
Stephenie,Gow,Estonia,2017-01-17,daveed@outlook.com
Maddie,Besser,Gibraltar,2019-04-26,pplinux@hotmail.com
Monty,Mims,Ireland,Germany,2013-12-02,brainless@yahoo.com
Andera,Minjarez,Germany,2013-04-11,pakaste@mac.com
Carolyne,Greenwood,Estonia,2019-04-26,mobileip@att.net
Darrel,Mantle,Norway,2013-12-02,mcrawfor@verizon.net

